City_ID,City,Lat,Lng,Max Temp,Humidity,Cloudiness,Wind Speed,Country,Date
0,hradec kralove,50.2092,15.8328,-2.19,89,51,0.66,CZ,1738555820
1,callao,-12.0667,-77.15,24.84,83,0,5.14,PE,1738555821
2,tura,25.5198,90.2201,23.54,33,0,1.5,IN,1738555823
3,yarmouth,41.7057,-70.2286,2.03,83,100,3.6,US,1738555650
4,puerto natales,-51.7236,-72.4875,6.5,91,72,3.23,CL,1738555676
5,port-aux-francais,-49.35,70.2167,3.86,79,100,15.85,TF,1738555827
6,hawaiian paradise park,19.5933,-154.9731,22.73,76,20,3.6,US,1738555828
7,mao,39.8885,4.2658,11.31,82,75,4.63,ES,1738555829
8,hamilton,39.1834,-84.5333,8.3,88,100,1.34,US,1738555784
9,waitangi,-43.9535,-176.5597,16.57,68,100,2.24,NZ,1738555832
10,cockburn town,21.4612,-71.1419,25.18,79,0,9.44,TC,1738555761
11,susuman,62.7833,148.1667,-36.45,97,84,0.36,RU,1738555835
12,muroto-misakicho,33.2833,134.15,12.37,59,96,7.27,JP,1738555836
13,vitoria da conquista,-14.8661,-40.8394,18.52,91,88,2.85,BR,1738555788
14,bilibino,68.0546,166.4372,-31.04,98,100,3.74,RU,1738555840
15,iqaluit,63.7506,-68.5145,-27.95,68,100,1.34,CA,1738555841
16,college,64.8569,-147.8028,-10.03,85,100,0.0,US,1738555842
17,saipan,15.1355,145.701,32.39,55,40,6.17,MP,1738555677
18,ribeira grande,38.5167,-28.7,18.21,93,100,8.49,PT,1738555845
19,port elizabeth,-33.918,25.5701,16.29,92,68,0.89,ZA,1738555745
20,constantia,44.1833,28.65,5.39,92,95,4.16,RO,1738555848
21,tiksi,71.6872,128.8694,-23.42,93,100,11.56,RU,1738555849
22,kruisfontein,-34.0033,24.7314,16.25,79,45,2.58,ZA,1738555850
23,nagqu,31.5,92.0,1.39,3,0,7.58,CN,1738555852
24,akureyri,65.6835,-18.0878,-3.61,95,100,3.53,IS,1738555834
25,klyuchi,52.2667,79.1667,-13.61,97,86,2.34,RU,1738555854
26,albany,42.6001,-73.9662,-4.13,90,100,0.89,US,1738555856
27,laguna,38.421,-121.4238,15.13,87,100,4.63,US,1738555857
28,port alfred,-33.5906,26.891,17.32,87,6,1.34,ZA,1738555858
29,kiamba,5.9894,124.6242,30.23,65,96,3.95,PH,1738555860
30,ciudad melchor muzquiz,27.8833,-101.5167,18.74,40,0,2.62,MX,1738555861
31,kodiak,57.79,-152.4072,0.73,80,0,5.66,US,1738555679
32,ilulissat,69.2167,-51.1,-18.99,71,81,1.54,GL,1738555864
33,guerrero negro,27.9769,-114.0611,16.2,70,32,3.48,MX,1738555856
34,dauphin,51.1494,-100.0502,-22.92,70,20,8.75,CA,1738555866
35,enewetak,11.3474,162.3373,27.02,78,59,9.37,MH,1738555868
36,talnakh,69.4865,88.3972,-24.56,93,100,1.87,RU,1738555663
37,dolores,-36.3132,-57.6792,23.47,67,1,5.48,AR,1738555870
38,maranding,7.9248,123.7715,31.44,55,49,2.98,PH,1738555872
39,adamstown,-25.066,-130.1015,23.74,80,96,8.74,PN,1738555873
40,wailua homesteads,22.0669,-159.378,22.44,71,0,7.72,US,1738555876
41,ushuaia,-54.8,-68.3,5.02,96,98,1.28,AR,1738555877
42,longyearbyen,78.2186,15.6401,1.91,75,40,5.14,SJ,1738555879
43,yellowknife,62.456,-114.3525,-31.51,98,17,3.42,CA,1738555881
44,edinburgh of the seven seas,-37.0676,-12.3116,18.2,96,100,9.81,SH,1738555678
45,afaahiti,-17.75,-149.2833,26.26,77,82,3.81,PF,1738555883
46,ocean city,39.2776,-74.5746,4.45,85,97,1.34,US,1738555646
47,margaret river,-33.95,115.0667,22.95,46,0,7.48,AU,1738555886
48,belyy yar,53.6039,91.3903,-19.06,92,20,1.0,RU,1738555887
49,colby,39.3958,-101.0524,10.03,45,0,6.17,US,1738555889
50,sao geraldo do araguaia,-6.4006,-48.555,21.43,99,91,0.53,BR,1738555608
51,melilla,35.2937,-2.9383,11.21,93,40,1.54,ES,1738555639
52,ola,59.5833,151.2833,-19.33,73,0,0.94,RU,1738555893
53,gouyave,12.1646,-61.7296,25.57,79,6,6.99,GD,1738555894
54,dakhla,23.6848,-15.958,15.84,84,0,7.38,EH,1738555896
55,invercargill,-46.4,168.35,19.45,77,31,8.05,NZ,1738555897
56,avarua,-21.2078,-159.775,29.03,79,55,4.63,CK,1738555898
57,mount gambier,-37.8333,140.7667,35.48,27,0,5.43,AU,1738555900
58,pisco,-13.7,-76.2167,23.03,78,40,4.12,PE,1738555901
59,burlington,39.8835,-74.6413,1.14,88,100,0.0,US,1738555640
60,fort st. john,56.2499,-120.8529,-21.91,96,100,1.61,CA,1738555904
61,badger,64.8,-147.5333,-10.07,87,100,0.0,US,1738555905
62,grytviken,-54.2811,-36.5092,6.56,64,94,4.75,GS,1738555906
63,nema,57.5067,50.5011,-1.66,96,100,3.96,RU,1738555908
64,nemuro,43.3236,145.575,-1.2,67,99,4.8,JP,1738555909
65,vadso,70.0744,29.7487,-4.91,74,20,6.17,NO,1738555910
66,san andres,12.5847,-81.7006,26.01,89,20,6.17,CO,1738555911
67,selfoss,63.9331,-20.9971,5.02,94,100,9.82,IS,1738555913
68,mhamid,29.82,-5.72,9.65,33,35,1.57,MA,1738555915
69,lebu,-37.6167,-73.65,13.62,95,9,3.23,CL,1738555691
70,tazovsky,67.4667,78.7,-30.14,94,7,3.53,RU,1738555918
71,puerto aysen,-45.4,-72.7,6.93,99,59,2.05,CL,1738555919
72,puerto ayora,-0.7393,-90.3518,24.75,96,61,1.22,EC,1738555921
73,khanty-mansiysk,61.0042,69.0019,-19.94,71,75,3.0,RU,1738555922
74,novyy urengoy,66.0833,76.6333,-26.52,99,73,3.8,RU,1738555684
75,utrik,11.2278,169.8474,26.5,72,17,9.46,MH,1738555673
76,arraial do cabo,-22.9661,-42.0278,23.84,92,100,6.84,BR,1738555926
77,kaka,37.3482,59.6143,2.78,59,56,0.52,TM,1738555927
78,rovnoye,50.7765,46.0509,-0.25,87,94,1.45,RU,1738555929
79,rongelap,11.1635,166.8941,26.45,76,4,10.17,MH,1738555930
80,haiku-pauwela,20.9219,-156.3051,22.33,73,0,6.26,US,1738555931
81,fisterra,42.9049,-9.2629,10.22,67,5,3.92,ES,1738555933
82,vilyuchinsk,52.9306,158.4028,-4.85,73,1,2.87,RU,1738555687
83,iskateley,67.6803,53.1512,-27.43,88,5,4.31,RU,1738555935
84,bredasdorp,-34.5322,20.0403,17.44,75,81,1.74,ZA,1738555937
85,agat village,13.3886,144.6585,30.76,66,40,6.69,GU,1738555938
86,weno,7.4515,151.8468,28.32,73,48,8.86,FM,1738555939
87,port lincoln,-34.7333,135.8667,29.5,51,19,4.89,AU,1738555677
88,oamaru,-45.0784,170.9801,17.81,69,1,4.51,NZ,1738555942
89,west bay,19.3667,-81.4167,23.92,96,93,5.27,KY,1738555943
90,troitskiy,57.0603,63.7481,-0.75,97,100,2.63,RU,1738555945
91,marshall,34.3834,-86.3333,12.86,75,0,3.09,US,1738555942
92,anadyr,64.75,177.4833,1.28,93,40,13.0,RU,1738555947
93,jinxiang,27.4327,120.6062,10.25,65,100,4.96,CN,1738555949
94,levuka,50.1834,-105.4011,-21.14,95,100,4.55,CA,1738555950
95,georgetown,5.4112,100.3354,29.96,58,20,3.6,MY,1738555952
96,boguchany,58.3814,97.4531,-29.11,93,53,1.42,RU,1738555953
97,porto novo,6.4965,2.6036,25.77,84,28,2.03,BJ,1738555954
98,kapuskasing,49.4169,-82.4331,-7.46,93,100,5.38,CA,1738555956
99,punta arenas,-53.15,-70.9167,8.06,76,100,10.8,CL,1738555957
100,mpulungu,-8.7623,31.1141,21.16,94,100,0.72,ZM,1738555958
101,ust-nera,64.5667,143.2,-38.45,98,64,2.13,RU,1738555960
102,kirakira,-10.4544,161.9205,29.36,75,100,5.66,SB,1738555961
103,melfi,40.9965,15.6514,7.72,91,97,1.39,IT,1738555962
104,sturgis,41.7992,-85.4192,3.37,100,100,2.06,US,1738555670
105,haapavesi,64.1333,25.3667,-13.04,87,90,1.79,FI,1738555965
106,bouna,9.2667,-3.0,23.49,18,100,3.01,CI,1738555966
107,hithadhoo,-0.6,73.0833,27.81,71,29,1.54,MV,1738555968
108,diu,20.7141,70.9822,23.41,45,23,2.62,IN,1738555969
109,vorgashor,67.5833,63.95,-27.42,89,9,3.66,RU,1738555970
110,margate,51.3813,1.3862,3.16,84,44,3.78,GB,1738555972
111,east london,-33.0153,27.9116,19.79,80,0,3.99,ZA,1738555973
112,bethel,41.3712,-73.414,-1.15,87,100,0.45,US,1738555921
113,berezovo,63.9381,65.0419,-24.6,96,99,4.85,RU,1738555976
114,itamaraca,-7.7478,-34.8256,25.74,78,6,2.34,BR,1738555977
115,vila franca do campo,37.7167,-25.4333,18.27,99,100,4.33,PT,1738555692
116,hammerfest,70.6634,23.6821,-7.75,53,28,5.14,NO,1738555980
117,luderitz,-26.6481,15.1594,17.08,74,2,7.66,NA,1738555981
118,whitehorse,60.7161,-135.0538,-22.6,100,100,1.01,CA,1738555982
119,hermanus,-34.4187,19.2345,13.22,78,45,1.79,ZA,1738555983
120,dudinka,69.4058,86.1778,-28.83,97,100,1.36,RU,1738555985
121,broome,42.2506,-75.833,-2.41,89,100,3.13,US,1738555986
122,mobile,30.7835,-88.2,10.32,87,20,0.0,US,1738555925
123,petauke,-14.2426,31.3253,18.65,99,100,1.14,ZM,1738555990
124,baiquan,47.5833,126.0833,-16.28,86,100,3.79,CN,1738555787
125,tolanaro,-25.0319,46.9987,23.79,79,10,1.7,MG,1738555993
126,jamestown,42.097,-79.2353,0.01,98,100,2.57,US,1738555834
127,port mathurin,-19.6833,63.4167,26.99,84,44,5.78,MU,1738555995
128,saint-philippe,-21.3585,55.7679,27.86,86,86,8.76,RE,1738555997
129,al jawf,29.5,38.75,9.14,34,87,3.95,SA,1738555998
130,cooma,-36.2333,149.1333,33.88,9,17,2.55,AU,1738555842
131,san pedro pochutla,15.7333,-96.4667,26.51,86,3,1.97,MX,1738556001
132,panacan,9.2463,118.4082,28.71,73,61,5.17,PH,1738556002
133,mutuali,-14.8706,37.0044,21.59,98,100,0.61,MZ,1738556003
134,paphos,34.7667,32.4167,10.88,82,100,3.09,CY,1738556005
135,tadpatri,14.9167,78.0167,26.21,34,13,2.92,IN,1738556006
136,rikaze,29.25,88.8833,4.87,8,0,0.82,CN,1738556007
137,fortaleza,-3.7227,-38.5247,28.45,78,40,5.66,BR,1738556001
138,kunashak,55.7032,61.5498,-2.17,83,100,1.99,RU,1738556010
139,fale old settlement,-9.3852,-171.2468,28.46,66,6,6.1,TK,1738556011
140,maracacume,-2.0428,-45.9592,22.46,98,92,0.86,BR,1738556012
141,kegen,43.0197,79.2203,-14.31,76,2,2.66,KZ,1738556014
142,lihue,21.9789,-159.3672,22.77,67,0,7.72,US,1738556015
143,nelson bay,-32.7167,152.15,27.83,73,11,8.05,AU,1738556018
144,west island,-12.1568,96.8225,29.99,79,20,7.2,CC,1738556019
145,stanley,54.868,-1.6985,5.29,92,75,2.06,GB,1738556021
146,atafu village,-8.5421,-172.5159,28.53,66,26,7.16,TK,1738556022
147,port augusta,-32.5,137.7667,42.21,14,22,2.97,AU,1738556023
148,codrington,-38.2667,141.9667,27.68,51,16,9.38,AU,1738556024
149,pathein,16.7833,94.7333,31.64,33,7,4.63,MM,1738556026
150,lethem,3.3803,-59.7968,25.77,56,74,5.34,GY,1738556027
151,ajra,16.1167,74.2,27.02,24,21,2.87,IN,1738556028
152,blackmans bay,-43.0167,147.3167,30.41,54,100,0.89,AU,1738556030
153,aasiaat,68.7098,-52.8699,-22.19,100,92,0.38,GL,1738556031
154,carolina beach,34.0352,-77.8936,9.52,94,100,3.11,US,1738556032
155,nkhata bay,-11.6066,34.2907,23.06,82,100,1.8,MW,1738556034
156,isafjordur,66.0755,-23.124,-0.5,98,100,8.4,IS,1738556035
157,tournai,50.6072,3.3893,-1.68,90,6,2.38,BE,1738555816
158,kavaratti,10.5669,72.642,27.48,72,100,3.85,IN,1738556038
159,thompson,55.7435,-97.8558,-19.91,77,100,4.63,CA,1738556039
160,lepsy,46.235,78.9456,-10.83,85,9,5.63,KZ,1738556040
161,olonkinbyen,70.9221,-8.7187,-0.65,91,34,7.55,SJ,1738556043
162,shenjiamen,29.9576,122.298,7.35,65,100,9.28,CN,1738556044
163,blenheim,-41.516,173.9528,25.29,52,100,2.68,NZ,1738556046
164,lubang,13.8584,120.124,26.64,77,100,5.09,PH,1738556047
165,carutapera,-1.195,-46.02,23.62,95,97,1.73,BR,1738556048
166,tazacorte,28.629,-17.9293,16.54,80,0,3.6,ES,1738556050
167,shagonar,51.5333,92.8,-16.16,92,100,0.48,RU,1738556051
168,petropavlovsk-kamchatsky,53.0452,158.6483,-5.67,33,0,2.0,RU,1738556052
169,hotan,37.0997,79.9269,-0.72,31,0,1.71,CN,1738556054
170,praia,14.9215,-23.5087,20.3,56,0,9.77,CV,1738556056
171,namsos,64.4662,11.4957,-1.05,64,100,6.17,NO,1738556057
172,nova borova,50.693,28.6345,-1.86,82,97,2.74,UA,1738556058
173,leo,11.1,-2.1,20.96,19,89,3.5,BF,1738556060
174,galliano,29.4422,-90.2992,15.0,94,0,0.0,US,1738556061
175,sayalkudi,9.1833,78.45,26.65,73,41,3.66,IN,1738556062
176,sao miguel do araguaia,-13.275,-50.1628,21.62,98,100,2.16,BR,1738556064
177,tuburan,6.6439,122.2736,28.12,73,46,3.59,PH,1738556065
178,kununurra,-15.7667,128.7333,35.99,49,94,2.06,AU,1738556062
179,uturoa,-16.7333,-151.4333,28.02,73,15,3.69,PF,1738556067
180,staryye ozinki,51.1786,49.6769,-3.56,94,100,5.0,RU,1738556070
181,lazaro cardenas,17.9583,-102.2,24.19,76,0,0.88,MX,1738556071
182,vorkuta,67.5,64.0,-28.16,90,10,3.53,RU,1738556073
183,ascension,30.2169,-90.9001,13.94,85,0,2.15,US,1738556074
184,conception bay south,47.4999,-52.9981,-8.58,72,18,8.65,CA,1738555780
185,kill devil hills,36.0307,-75.676,8.32,99,100,1.54,US,1738556077
186,celeyke,38.0597,37.1879,-0.43,60,87,0.67,TR,1738556078
187,axim,4.8699,-2.2405,25.2,88,25,1.66,GH,1738556079
188,palmas,-10.2128,-48.3603,22.93,88,75,1.03,BR,1738555809
189,mogadishu,2.0371,45.3438,23.67,83,55,10.09,SO,1738556082
190,gulf shores,30.246,-87.7008,13.9,1,0,0.53,US,1738555755
191,cova figueira,14.8905,-24.2934,13.97,66,23,9.1,CV,1738556085
192,gornopravdinsk,60.05,69.9,-10.23,96,100,1.36,RU,1738556086
193,cabo san lucas,22.8909,-109.9124,16.95,61,3,1.93,MX,1738555894
194,dunedin,-45.8742,170.5036,18.71,53,3,4.33,NZ,1738556089
195,kembe,4.6228,21.8865,24.45,31,95,1.71,CF,1738556090
196,nago,26.5881,127.9761,15.83,70,100,6.93,JP,1738556091
197,naze,28.3667,129.4833,13.91,64,97,6.81,JP,1738556093
198,sychevka,55.8252,34.2736,-2.29,93,87,3.54,RU,1738556094
199,nuku'alofa,-21.1333,-175.2,30.19,79,75,4.12,TO,1738556095
200,theniet el had,35.8711,2.0281,-0.98,89,55,1.09,DZ,1738556097
201,nar'yan-mar,67.6713,53.087,-27.41,89,5,4.33,RU,1738556098
202,beatrice,40.2681,-96.747,8.28,68,0,3.09,US,1738556099
203,botou,38.0667,116.5667,0.65,20,0,3.05,CN,1738556101
204,springs,-26.25,28.4,19.81,93,94,1.56,ZA,1738556102
205,zemio,5.0314,25.1361,21.21,36,74,1.25,CF,1738556103
206,empalme,27.9667,-110.8167,19.11,35,0,0.31,MX,1738556010
207,ploneour-lanvern,47.9,-4.2833,6.18,93,100,1.54,FR,1738556107
208,esil,51.9556,66.4042,-4.17,96,100,3.79,KZ,1738556109
209,papatowai,-46.5619,169.4708,19.61,67,32,7.09,NZ,1738556110
210,puerto baquerizo moreno,-0.9,-89.6,24.1,88,74,1.47,EC,1738556111
211,ulan bator,47.9077,106.8832,-20.93,71,0,1.0,MN,1738556025
212,zabaykal'sk,49.6333,117.3167,-22.66,87,32,3.01,RU,1738556114
213,arvayheer,46.2639,102.775,-14.97,40,30,1.4,MN,1738556115
214,san antonio de pale,-1.4014,5.6325,27.23,75,51,2.15,GQ,1738556117
215,borogontsy,62.6683,131.1683,-37.5,95,100,1.34,RU,1738555934
216,yigo village,13.5361,144.8886,29.86,69,75,6.69,GU,1738556120
217,pankrushikha,53.8319,80.3406,-14.03,97,97,2.54,RU,1738556121
218,kingston,17.997,-76.7936,25.53,73,75,2.57,JM,1738556122
219,xinzhi,36.4989,111.7047,2.36,23,1,7.33,CN,1738556124
220,iwaki,37.05,140.8833,6.98,70,100,0.95,JP,1738556125
221,dowlatabad,32.7998,51.6955,-8.18,62,0,3.09,IR,1738556126
222,yulinshi,38.2906,109.7494,-3.55,33,0,7.33,CN,1738556128
223,la ronge,55.1001,-105.2842,-20.88,77,100,6.69,CA,1738556129
224,santyoku,37.4406,129.1708,0.21,39,0,9.51,KR,1738556130
225,timbuktu,16.7735,-3.0074,13.5,23,72,5.19,ML,1738556132
226,cole harbour,44.6724,-63.4751,-8.37,74,100,1.43,CA,1738556133
227,tralee,52.2704,-9.7026,8.62,94,96,3.09,IE,1738556002
228,avsallar,36.616,31.7806,12.56,62,100,1.81,TR,1738556136
229,oriximina,-1.7656,-55.8661,23.44,94,88,1.7,BR,1738556137
230,sorong,-0.8833,131.25,27.57,78,100,3.76,ID,1738555900
231,st. john's,47.5649,-52.7093,-7.79,71,65,3.13,CA,1738555994
232,ketchikan,55.3422,-131.6461,-5.01,27,0,5.14,US,1738556141
233,ta`u,-14.2336,-169.5144,28.29,75,32,4.41,AS,1738556143
234,sambava,-14.2667,50.1667,25.15,87,82,1.97,MG,1738556144
235,machali,-34.1833,-70.6667,17.51,38,86,1.52,CL,1738556055
236,flying fish cove,-10.4217,105.6791,25.82,94,100,6.69,CX,1738556147
237,bereznik,62.8551,42.7072,-15.15,93,100,4.37,RU,1738556148
238,sayat,38.7839,63.8803,3.21,55,100,2.26,TM,1738556149
239,sitka,57.0531,-135.33,-1.06,21,0,8.23,US,1738556151
240,salinopolis,-0.6136,-47.3561,24.77,91,96,3.24,BR,1738556152
241,phalaborwa,-23.943,31.1411,22.89,63,23,1.55,ZA,1738556154
242,nova sintra,14.8667,-24.7167,21.84,62,33,9.06,CV,1738556155
243,brookings,44.3114,-96.7984,-5.31,69,100,4.12,US,1738555980
244,ancud,-41.8697,-73.8203,11.23,75,97,0.64,CL,1738556158
245,bullhead city,35.1478,-114.5683,19.36,30,0,0.0,US,1738556159
246,hassi messaoud,31.6804,6.0729,9.26,51,3,3.99,DZ,1738556160
247,port-vila,-17.7338,168.3219,25.0,91,100,7.02,VU,1738556162
248,tual,-5.6667,132.75,27.75,82,100,9.02,ID,1738556163
249,misratah,32.3754,15.0925,14.49,76,0,1.47,LY,1738556164
250,al hazm,16.1641,44.7769,13.22,38,21,1.8,YE,1738556166
251,bikenibeu village,1.3673,173.1241,26.45,85,46,7.16,KI,1738556167
252,feodosiya,45.0333,35.3833,4.04,74,92,1.27,UA,1738556169
253,devils lake,48.1128,-98.8651,-16.7,77,100,5.66,US,1738556170
254,banyo,6.75,11.8167,18.68,26,95,1.41,CM,1738556174
255,carnarvon,-24.8667,113.6333,33.9,37,58,12.27,AU,1738556175
256,lompoc,34.6391,-120.4579,12.05,89,100,0.0,US,1738556177
257,sangmelima,2.9333,11.9833,19.98,95,70,1.42,CM,1738556178
258,el fasher,13.6279,25.3494,15.61,28,19,3.1,SD,1738556180
259,rajpipla,21.8667,73.5,25.09,27,10,0.97,IN,1738556181
260,mil'kovo,55.6078,37.7956,-0.76,69,100,3.09,RU,1738556182
261,tebingtinggi,3.3285,99.1625,30.19,59,87,1.91,ID,1738556184
262,nur-sultan,51.1801,71.446,-5.03,100,100,2.0,KZ,1738556185
263,portland,45.5234,-122.6762,3.04,89,63,3.13,US,1738555812
264,yokadouma,3.5167,15.05,22.02,31,97,0.68,CM,1738556188
265,holualoa,19.6228,-155.9522,24.91,73,0,1.54,US,1738556189
266,christchurch,-43.5333,172.6333,23.11,64,4,4.63,NZ,1738556143
267,reggane,26.7158,0.1714,12.37,34,0,4.75,DZ,1738556192
268,san patricio,28.017,-97.5169,17.97,86,0,4.1,US,1738556193
269,aflou,34.1128,2.1023,-0.89,92,52,3.68,DZ,1738556194
270,takai,11.5833,9.1167,17.59,22,6,2.52,NG,1738556196
271,malindi,-3.2175,40.1191,24.03,87,75,4.41,KE,1738556197
272,new norfolk,-42.7826,147.0587,31.07,22,99,3.17,AU,1738556198
273,shalya,57.2471,58.7298,-1.98,96,100,3.61,RU,1738556200
274,mo i rana,66.3128,14.1428,-3.74,58,20,7.72,NO,1738556201
275,al kharijah,25.4514,30.5464,15.13,31,100,2.89,EG,1738556203
276,pikalevo,59.5183,34.1664,-9.27,100,89,1.41,RU,1738556204
277,melfort,52.8667,-104.6177,-26.93,76,98,4.63,CA,1738556205
278,udachny,66.4167,112.4,-19.68,87,100,11.69,RU,1738556207
279,antonio enes,-16.2325,39.9086,25.93,89,100,1.82,MZ,1738556010
280,vila velha,-20.3297,-40.2925,25.97,83,40,4.12,BR,1738556209
281,piacabucu,-10.4056,-36.4344,25.02,85,20,2.8,BR,1738556210
282,usogorsk,63.4106,48.6872,-19.73,88,83,5.11,RU,1738556212
283,chinde,26.8212,87.7095,20.44,45,0,2.89,NP,1738556213
284,port area,14.5833,120.9667,31.22,70,100,5.36,PH,1738556145
285,minas de marcona,-15.2119,-75.1103,18.14,78,27,3.25,PE,1738556216
286,bungo-takada-shi,33.5567,131.4451,8.99,55,93,9.0,JP,1738556217
287,vondrozo,-22.8167,47.2833,21.28,97,100,1.66,MG,1738556218
288,rundu,-17.9333,19.7667,20.48,86,98,1.89,NA,1738556220
289,mana,5.6592,-53.7767,24.24,91,100,3.74,GF,1738556221
290,mbuji-mayi,-6.15,23.6,21.33,88,99,1.23,CD,1738556222
291,sao tome,0.3365,6.7273,26.73,81,73,2.27,ST,1738556224
292,nadym,65.5333,72.5167,-24.79,97,80,4.53,RU,1738556225
293,peniche,39.3558,-9.3811,10.67,79,16,10.96,PT,1738556227
294,songea,-10.6833,35.65,17.89,96,80,1.22,TZ,1738556228
295,adrar,20.5022,-10.0711,10.95,21,0,4.15,MR,1738556229
296,karaton,-6.3424,106.1045,30.95,58,99,1.62,ID,1738556231
297,qaqortoq,60.7167,-46.0333,-22.05,94,9,2.19,GL,1738556232
298,tome acu,-2.4189,-48.1522,22.26,99,92,0.72,BR,1738556233
299,yuksekova,37.5736,44.2872,-20.14,84,100,0.0,TR,1738556235
300,filadelfia,39.9523,-75.1638,1.65,86,75,1.54,US,1738556040
301,gadzhiyevo,69.2551,33.3362,-14.28,97,53,2.77,RU,1738556237
302,ingeniero luis a. huergo,-39.0833,-67.2333,21.61,20,51,9.1,AR,1738556240
303,yekaterinoslavka,50.3734,129.1139,-16.7,86,100,3.07,RU,1738556241
304,mejit,10.2753,170.8646,26.41,74,45,9.32,MH,1738556243
305,palo santo,-25.5633,-59.3378,25.24,43,0,1.98,AR,1738556244
306,tabou,4.423,-7.3528,25.94,83,28,2.61,CI,1738556245
307,chonchi,-42.6128,-73.8092,8.4,87,90,1.14,CL,1738556247
308,ryotsu-minato,38.0833,138.4333,5.6,88,100,5.52,JP,1738556248
309,lardjem,35.748,1.5481,2.53,96,52,0.61,DZ,1738556249
310,keflavik,64.0049,-22.5624,5.24,87,75,6.69,IS,1738556251
311,orzysz,53.8097,21.9481,-0.76,79,95,4.14,PL,1738556252
312,buka,40.8108,69.1986,2.26,53,0,0.36,UZ,1738556254
313,ingeniero jacobacci,-41.3427,-69.5448,10.17,59,8,6.34,AR,1738556255
314,sokol,59.4617,40.1206,-3.0,95,100,1.38,RU,1738556192
315,mukalla,14.5425,49.1242,20.33,22,100,3.27,YE,1738556258
316,searcy,35.2506,-91.7363,13.41,77,0,3.09,US,1738556261
317,taltal,-25.4,-70.4833,20.01,81,0,0.99,CL,1738556262
318,altai,46.3722,96.2583,-17.62,83,100,1.98,MN,1738556264
319,magadan,59.5667,150.8,-20.1,76,0,1.56,RU,1738556265
320,halwan,29.8414,31.3008,15.0,43,100,3.12,EG,1738556266
321,xilin hot,43.9667,116.0333,-17.48,65,24,5.89,CN,1738556268
322,la passe,45.5549,-0.8967,4.07,81,0,2.27,FR,1738556269
323,lufilufi,-13.8745,-171.5986,28.51,76,98,4.73,WS,1738556270
324,boke,10.9409,-14.2967,18.91,17,88,2.1,GN,1738556271
325,katsuura,35.1333,140.3,9.12,77,100,3.53,JP,1738556273
326,pont rouge,48.8833,-72.0825,-14.64,90,100,3.37,CA,1738556274
327,cassia,-20.5831,-46.9219,19.38,96,100,0.74,BR,1738556275
328,'ain el hadjar,34.7585,0.1453,2.63,89,26,1.81,DZ,1738556277
329,tamarin,-20.3256,57.3706,27.51,86,46,6.82,MU,1738556278
330,colonia,50.9333,6.95,-1.69,86,0,1.03,DE,1738556003
331,lovisa,60.4566,26.2251,-4.28,82,100,4.33,FI,1738556281
332,cortez,37.3489,-108.5859,6.5,75,0,1.54,US,1738556282
333,mudgee,-32.5943,149.5871,34.03,20,1,3.38,AU,1738556284
334,puerto maldonado,-12.6,-69.1833,23.8,95,100,1.19,PE,1738556286
335,viqueque,-8.8673,126.3658,31.41,63,36,1.51,TL,1738556288
336,shulan,44.4167,126.95,-15.51,81,100,3.67,CN,1738556289
337,nabire,-3.3667,135.4833,25.06,93,100,1.63,ID,1738556291
338,puerto deseado,-47.7503,-65.8938,12.42,60,7,5.39,AR,1738556142
339,idri,27.5,13.2667,11.93,37,93,4.73,LY,1738556293
340,nelson,-41.2833,173.2833,22.94,70,100,0.89,NZ,1738556295
341,sao mateus,-18.7161,-39.8589,23.72,92,56,1.64,BR,1738556296
342,miri,4.4148,114.0089,27.08,89,40,3.09,MY,1738556290
343,nouadhibou,20.931,-17.0347,15.99,77,0,9.26,MR,1738556299
344,kailua-kona,19.6406,-155.9956,25.31,73,1,1.4,US,1738556300
345,fayzabad,37.1166,70.58,-2.05,60,3,3.9,AF,1738556301
346,aleksandrovsk-sakhalinskiy,50.8975,142.1561,-11.62,94,97,2.59,RU,1738556303
347,apiai,-24.5094,-48.8425,18.38,100,100,1.12,BR,1738556304
348,langnau,46.9394,7.7874,0.93,88,5,1.58,CH,1738556305
349,grand baie,-20.0182,57.5802,29.14,83,38,2.68,MU,1738556307
350,nizhneangarsk,55.7833,109.55,-21.88,85,100,1.01,RU,1738556308
351,singapore,1.2897,103.8501,30.97,56,75,5.66,SG,1738556034
352,boyolangu,-8.1181,111.8935,31.08,63,100,1.52,ID,1738556311
353,ebolowa,2.9,11.15,21.2,94,87,1.32,CM,1738556312
354,taulaga,-11.0553,-171.0883,28.65,68,9,5.63,AS,1738556313
355,rosamond,34.8641,-118.1634,17.35,43,13,0.45,US,1738556315
356,marsassoum,12.8275,-15.9806,19.85,14,50,4.89,SN,1738556316
357,nishinoomote,30.7333,131.0,11.31,66,75,12.86,JP,1738556318
358,penaflor,-33.6167,-70.9167,21.26,56,95,1.24,CL,1738556319
359,alice springs,-23.7,133.8833,36.75,20,40,8.23,AU,1738556320
360,sittwe,20.15,92.9,27.07,43,19,3.46,MM,1738556322
361,lospalos,-8.5186,127.0025,27.19,79,71,3.86,TL,1738556323
362,tadine,-21.55,167.8833,23.46,91,100,12.91,NC,1738556325
363,lorengau,-2.0226,147.2712,30.79,60,100,4.1,PG,1738556326
364,san luis de la loma,17.2706,-100.8939,24.06,78,4,1.67,MX,1738556327
365,sibiti,-3.6819,13.3499,20.5,99,95,0.38,CG,1738556328
366,forecariah,9.4306,-13.0881,21.58,59,97,1.46,GN,1738556330
367,datong,40.0936,113.2914,-9.81,41,0,5.23,CN,1738556332
368,yerofey pavlovich,53.9667,121.9667,-19.84,65,100,2.83,RU,1738556333
369,weihai,37.5017,122.1136,-4.09,85,100,8.91,CN,1738556334
370,maragogi,-9.0122,-35.2225,24.68,85,20,2.55,BR,1738556336
371,nuuk,64.1835,-51.7216,-9.66,73,100,3.09,GL,1738556337
372,newman,37.3138,-121.0208,15.02,78,100,2.24,US,1738556338
373,puntarenas,9.9763,-84.8384,25.34,70,0,1.68,CR,1738556340
374,campbell river,50.0163,-125.2446,-3.79,80,100,4.63,CA,1738556341
375,sabzevar,36.2126,57.6819,-0.4,64,0,3.09,IR,1738556342
376,billings,45.7833,-108.5007,-10.4,87,100,8.23,US,1738556344
377,lerwick,60.1545,-1.1494,7.49,90,100,9.48,GB,1738556345
378,palasa,18.7667,84.4167,30.94,35,52,0.79,IN,1738556347
379,zarah sharan,33.1467,68.7917,-7.08,65,0,1.23,AF,1738556348
380,geraldton,-28.7667,114.6,29.23,54,0,8.75,AU,1738556349
381,tsetserleg,47.475,101.4542,-16.34,60,75,1.97,MN,1738556351
382,la'ie,21.6477,-157.9253,22.84,67,0,1.79,US,1738556353
383,kedrovyy,56.1667,91.8167,-14.53,94,100,0.9,RU,1738556355
384,sisimiut,66.9395,-53.6735,-20.23,96,81,2.06,GL,1738556356
385,pandan,14.0453,124.1694,27.71,66,98,3.73,PH,1738556357
386,barrouallie,13.2333,-61.2667,22.79,79,10,5.41,VC,1738556359
387,novyy urgal,51.0736,132.5642,-16.24,84,100,0.71,RU,1738556360
388,mananara,-16.1667,49.7667,25.76,87,100,1.39,MG,1738556361
389,chernogorsk,53.8236,91.2842,-18.24,92,20,2.0,RU,1738556363
390,jwaneng,-24.6004,24.7303,21.68,72,96,4.67,BW,1738556364
391,fortuna,40.5982,-124.1573,6.66,97,100,1.54,US,1738556367
392,queenstown,-31.8976,26.8753,16.73,84,89,1.75,ZA,1738556368
393,igarka,67.4667,86.5833,-32.05,97,85,0.42,RU,1738556369
394,novoishimskiy,53.1981,66.7694,-1.59,95,100,4.24,KZ,1738556372
395,kuala pilah,2.7389,102.2487,32.77,58,26,1.42,MY,1738556374
396,cartagena,10.3997,-75.5144,25.79,83,63,3.09,CO,1738556304
397,nova vicosa,-17.8919,-39.3719,24.78,87,1,3.24,BR,1738556377
398,shakiso,5.75,38.9167,13.01,56,86,1.49,ET,1738556378
399,laem sing,12.4816,102.0738,27.64,68,29,2.16,TH,1738556379
400,at taj,24.2049,23.2857,13.59,24,100,3.01,LY,1738556380
401,kurumkan,54.3,110.3,-23.5,90,100,0.53,RU,1738556382
402,buston,40.2342,69.6948,0.1,86,20,4.0,TJ,1738556383
403,labrador city,52.9463,-66.9114,-26.05,70,0,3.6,CA,1738556385
404,vedaraniyam,10.3667,79.85,26.05,72,20,2.97,IN,1738556386
405,quang ngai,15.1167,108.8,22.72,81,99,1.41,VN,1738556387
406,forde,61.4522,5.8572,5.06,75,100,3.6,NO,1738556389
407,as sulayyil,20.4607,45.5779,11.41,30,0,3.54,SA,1738556390
408,kushiro,42.975,144.3747,-1.47,86,75,3.6,JP,1738556187
409,oyama,36.3,139.8,6.75,53,100,0.48,JP,1738556393
410,westport,41.1415,-73.3579,-0.13,90,100,0.0,US,1738556394
411,viedma,-40.8135,-62.9967,20.03,39,9,6.38,AR,1738556395
412,tobelo,1.7284,128.0095,27.2,75,100,1.57,ID,1738556397
413,mhasvad,17.6333,74.7833,26.72,29,69,2.63,IN,1738556398
414,rizhao,35.4275,119.4553,2.42,21,0,7.65,CN,1738556247
415,san rafael del sur,11.8485,-86.4384,25.59,63,23,6.57,NI,1738556401
416,happy valley-goose bay,53.3168,-60.3315,-20.83,54,20,5.14,CA,1738556402
417,yemel'yanovo,56.1681,92.6767,-22.55,70,20,0.0,RU,1738556403
418,stephenville,32.2207,-98.2023,17.07,47,0,2.57,US,1738556271
419,saint-pierre,-21.3393,55.4781,29.82,79,100,2.06,RE,1738556406
420,santa marta de ortigueira,43.6833,-7.85,9.71,73,51,2.07,ES,1738556407
421,narita,35.7833,140.3167,10.01,73,75,2.57,JP,1738556409
422,dongsheng,39.8161,109.9776,-9.71,65,38,6.15,CN,1738556410
423,buala,-8.145,159.5921,30.13,62,94,4.25,SB,1738556412
424,feytiat,45.8091,1.3303,3.45,81,0,1.54,FR,1738556413
425,namibe,-15.1961,12.1522,22.36,81,78,1.69,AO,1738556414
426,phayakkhaphum phisai,15.5163,103.1937,31.53,24,23,3.99,TH,1738556415
427,yanbu,24.0891,38.0637,16.02,51,0,1.03,SA,1738556417
428,ed damer,17.5928,33.9592,19.11,65,0,4.5,SD,1738556418
429,chakari,-18.0629,29.8925,18.25,85,30,1.76,ZW,1738556419
430,kapa'a,22.0752,-159.319,23.18,71,0,7.72,US,1738556421
431,saldanha,-33.0117,17.9442,17.49,88,0,4.45,ZA,1738556422
432,labytnangi,66.6572,66.4183,-23.55,95,100,7.01,RU,1738556423
433,lillehammer,61.1146,10.4674,-7.36,97,100,0.89,NO,1738556425
434,tver,56.8619,35.8931,-2.0,91,100,2.62,RU,1738556426
435,pasni,25.2631,63.471,18.26,55,5,3.02,PK,1738556427
436,nogliki,51.8333,143.1667,-10.87,82,33,1.74,RU,1738556429
437,achi,8.5682,-74.554,24.83,87,83,1.16,CO,1738556430
438,acarau,-2.8856,-40.12,25.1,89,31,4.11,BR,1738556431
439,romblon,12.5751,122.2708,26.25,81,100,6.96,PH,1738556433
440,luis correia,-2.8792,-41.6669,25.07,90,35,3.99,BR,1738556434
441,bangui,4.3612,18.555,25.43,26,98,1.26,CF,1738556184
442,al ghayzah,16.2079,52.176,18.32,40,39,4.3,YE,1738556437
443,novotroitsk,51.203,58.3266,-1.61,97,100,1.67,RU,1738556438
444,lianjiang,21.6467,110.2817,15.44,56,100,6.41,CN,1738556439
445,nantucket,41.2835,-70.0995,2.06,75,100,8.87,US,1738556409
446,terrigal,-33.45,151.45,28.43,75,4,5.58,AU,1738556442
447,ilhabela,-23.7781,-45.3581,24.97,89,100,1.25,BR,1738556443
448,pestravka,52.405,49.9583,-2.95,92,100,4.78,RU,1738556445
449,nikolayevsk-on-amure,53.1406,140.73,-13.89,83,83,1.26,RU,1738556446
450,corfu,39.62,19.9197,15.1,82,75,6.17,GR,1738556447
451,mar del plata,-38.0023,-57.5575,24.41,79,63,0.45,AR,1738556151
452,calvi,42.5,8.8333,3.35,87,20,2.57,FR,1738556451
453,micheweni,-4.9667,39.8333,26.66,76,100,5.95,TZ,1738556453
454,gaoping,30.7758,106.1029,12.0,46,88,3.58,CN,1738556454
455,mananjary,-21.2167,48.3333,25.41,91,100,3.63,MG,1738556456
456,illizi,26.4833,8.4667,8.01,57,0,1.15,DZ,1738556458
457,kyshtovka,56.555,76.6271,-2.31,97,100,4.06,RU,1738556460
458,ust'-kut,56.7938,105.7672,-23.83,92,96,0.49,RU,1738556461
459,vernon,50.2581,-119.2691,-8.09,70,100,1.79,CA,1738556462
460,kokkola,63.8385,23.1307,-11.65,92,0,4.12,FI,1738556464
461,mount pearl,47.5166,-52.7813,-8.91,72,75,10.29,CA,1738556220
462,beeskow,52.1667,14.25,-0.47,89,36,1.02,DE,1738556466
463,ceeldheer,3.8488,47.1806,22.94,76,100,9.24,SO,1738556468
464,namie,37.4833,141.0,8.88,66,100,1.37,JP,1738556469
465,broken hill,-31.95,141.4333,35.96,19,81,5.66,AU,1738556470
466,kyakhta,50.3508,106.4494,-21.91,92,86,2.17,RU,1738556473
467,kiunga,-6.1219,141.2906,33.4,51,100,2.55,PG,1738556474
468,itoman,26.1247,127.6694,16.21,82,75,11.32,JP,1738556475
469,temirgoyevskaya,45.1141,40.2803,4.94,95,100,2.5,RU,1738556477
470,kuala belait,4.5833,114.1833,28.31,75,97,2.12,BN,1738556478
471,olyokminsk,60.3736,120.4264,-28.44,93,100,2.72,RU,1738556480
472,cidade velha,14.9167,-23.6167,20.26,56,0,9.77,CV,1738556481
473,camana,-16.6228,-72.7111,22.2,84,0,2.32,PE,1738556483
474,kokstad,-30.5472,29.4241,17.02,98,100,1.21,ZA,1738556484
475,puerto santa,-8.9906,-78.6456,21.48,84,98,3.05,PE,1738556485
476,molteno,-31.3968,26.3625,15.01,84,45,2.87,ZA,1738556487
477,coronel suarez,-37.4547,-61.9334,19.95,81,17,3.73,AR,1738556488
478,berdigestyakh,62.0989,126.6992,-30.99,95,91,3.35,RU,1738556490
479,kananga,-5.8958,22.4178,21.24,95,99,1.24,CD,1738556491
480,hailar,49.2,119.7,-23.19,92,82,3.87,CN,1738556492
481,freetown,8.484,-13.2299,23.12,78,98,1.6,SL,1738556494
482,maxixe,-23.8597,35.3472,25.12,80,63,2.47,MZ,1738556495
483,svetlyy,54.675,20.1347,0.93,69,46,4.88,RU,1738556459
484,lae,-6.7221,146.9847,28.56,71,100,3.28,PG,1738556497
485,bossier city,32.516,-93.7321,17.1,75,0,4.63,US,1738556264
486,nguigmi,14.2495,13.1092,18.98,22,50,4.79,NE,1738556427
487,zaysan,47.4667,84.8667,-10.58,89,85,1.2,KZ,1738556502
488,kirkland lake,48.1446,-80.0377,-11.84,85,100,3.6,CA,1738556503
489,dampit,-8.2116,112.7493,30.69,53,100,2.42,ID,1738556505
490,portoferraio,42.8115,10.3146,10.85,69,11,8.12,IT,1738556506
491,leh,34.1667,77.5833,-17.94,64,0,1.13,IN,1738556507
492,arish,31.1316,33.7984,15.17,73,100,2.82,EG,1738556509
493,hasaki,35.7333,140.8333,10.91,65,100,3.12,JP,1738556510
494,howrah,22.5892,88.3103,22.0,88,40,2.06,IN,1738556511
495,saint-francois,46.4154,3.9054,0.69,93,100,0.51,FR,1738556513
496,khairpur,27.5295,68.7617,17.62,21,0,0.48,PK,1738556514
497,zaozersk,69.4005,32.4476,-15.38,97,100,1.99,RU,1738556515
498,baardheere,2.3446,42.2764,23.96,62,60,5.02,SO,1738556225
499,fuglafjordur,62.244,-6.814,8.65,93,100,14.67,FO,1738556518
500,necochea,-38.5473,-58.7368,19.24,80,59,0.87,AR,1738556402
501,fort mcmurray,56.7268,-111.381,-23.23,77,100,3.6,CA,1738556520
502,at-bashi,41.1702,75.8106,-13.92,58,0,1.19,KG,1738556522
503,tshabong,-26.05,22.45,24.81,42,100,3.02,BW,1738556523
504,st anne,49.715,-2.2042,8.82,84,29,5.63,GG,1738556525
505,alto lucero,19.6167,-96.7167,14.4,96,76,1.42,MX,1738556526
506,chadron,42.8294,-102.9999,-3.18,93,100,2.57,US,1738556527
507,juan de ayolas,-27.4,-56.9,24.9,50,0,1.96,PY,1738556529
508,preobrazheniye,42.9019,133.9064,-4.32,75,100,1.99,RU,1738556530
509,albertina,-22.2008,-46.6158,18.22,97,100,2.47,BR,1738556531
510,mizhhirya,48.5246,23.5056,-0.97,73,100,2.03,UA,1738556532
511,swift current,50.2834,-107.8014,-26.55,76,75,6.17,CA,1738556534
512,juneau,58.3019,-134.4197,-7.0,49,0,8.75,US,1738556439
513,palmer,42.1584,-72.3287,-3.71,76,20,0.0,US,1738556536
514,safotu,-13.4513,-172.4018,28.09,80,88,3.22,WS,1738556538
515,komatipoort,-25.4332,31.9548,22.52,90,18,1.25,ZA,1738556539
516,bac lieu,9.285,105.7244,28.9,58,22,6.34,VN,1738556540
517,molchanovo,57.5817,83.7692,-18.02,100,96,1.86,RU,1738556542
518,malango,-2.9627,119.9001,31.43,35,48,2.2,ID,1738556545
519,sampit,-2.5333,112.95,33.04,51,100,1.61,ID,1738556546
520,dengzhou,37.8086,120.7508,-3.14,49,3,12.28,CN,1738556437
521,ixtapa,20.7,-105.2,20.13,94,0,1.54,MX,1738556549
522,egilsstadir,65.2653,-14.3948,7.95,66,75,3.09,IS,1738556550
523,altayskoye,51.9533,85.3325,-7.3,80,98,0.93,RU,1738556551
524,bijie,27.3125,105.2942,2.62,89,100,2.64,CN,1738556553
525,suva,-18.1416,178.4415,29.71,74,75,3.6,FJ,1738556554
526,tofol,5.3248,163.0078,28.88,79,75,5.14,FM,1738556555
527,laminusa,5.5549,120.9136,27.67,73,59,2.48,PH,1738556557
528,alofi,-19.0595,-169.9187,29.94,74,44,4.63,NU,1738556558
529,alindao,5.0267,21.2088,25.05,30,97,1.75,CF,1738556559
530,pahlgam,34.0333,75.3333,-3.56,46,0,4.95,IN,1738556561
531,kapoeta,4.7717,33.5903,27.18,35,42,1.9,SS,1738556563
532,qulsary,46.9531,54.0198,-1.77,93,26,5.66,KZ,1738556565
533,rosarito,32.3333,-117.0333,14.51,73,84,4.27,MX,1738556104
534,cafayate,-26.073,-65.9761,23.47,62,73,2.25,AR,1738556567
535,san mateo del mar,16.2,-95.0,25.96,74,11,14.64,MX,1738556569
536,weiser,44.251,-116.9693,1.84,92,100,1.68,US,1738556570
537,korla,41.7597,86.1469,-5.9,77,50,3.36,CN,1738556571
538,polyarnyy,69.1989,33.4478,-14.76,96,48,2.8,RU,1738556572
539,brisas de zicatela,15.8369,-97.0419,25.62,76,3,2.43,MX,1738556574
540,arno,60.1167,18.6333,-1.94,88,100,4.17,SE,1738556575
541,hualien city,23.9769,121.6044,17.96,84,98,6.29,TW,1738556576
542,dubna,56.7333,37.1667,-1.33,86,100,2.53,RU,1738556578
543,ballina,-28.8667,153.5667,26.0,64,100,5.27,AU,1738556579
544,mulayjah,27.271,48.4242,10.76,33,8,4.64,SA,1738556582
545,kingsport,36.5484,-82.5618,7.41,88,40,1.54,US,1738556513
546,vizinga,61.0749,50.1031,-12.8,95,100,3.89,RU,1738556584
547,nasugbu,14.1,120.6833,30.19,55,87,2.81,PH,1738556586
548,ungsang-nodongjagu,42.3578,130.4622,-9.82,49,51,7.08,KP,1738556587
549,samana,19.2056,-69.3369,22.83,85,29,4.2,DO,1738556589
